{
  "accuracy": 0.39292225201072384,
  "unique_labels_original": [
    "Phishing Email",
    "Safe Email"
  ],
  "unique_labels_numeric": [
    0,
    1
  ],
  "label_mapping": {
    "Safe Email": 0,
    "Phishing Email": 1
  },
  "classification_report": {
    "Class 0": {
      "precision": 0.0,
      "recall": 0.0,
      "f1-score": 0.0,
      "support": 11322.0
    },
    "Class 1": {
      "precision": 0.39292225201072384,
      "recall": 1.0,
      "f1-score": 0.564169682038648,
      "support": 7328.0
    },
    "accuracy": 0.39292225201072384,
    "macro avg": {
      "precision": 0.19646112600536192,
      "recall": 0.5,
      "f1-score": 0.282084841019324,
      "support": 18650.0
    },
    "weighted avg": {
      "precision": 0.15438789612517878,
      "recall": 0.39292225201072384,
      "f1-score": 0.22167482198279964,
      "support": 18650.0
    }
  },
  "confusion_matrix": [
    [
      0,
      11322
    ],
    [
      0,
      7328
    ]
  ],
  "per_class_metrics": {
    "Class 0": {
      "precision": 0.0,
      "recall": 0.0,
      "f1_score": 0.0,
      "support": 11322
    },
    "Class 1": {
      "precision": 0.39292225201072384,
      "recall": 1.0,
      "f1_score": 0.564169682038648,
      "support": 7328
    }
  }
}